Alabama,Butler County
Alabama,Chambers County
Alabama,Perry County
Alaska,Hoonah-Angoon Census Area
Alaska,Kusilvak Census Area
Alaska,Petersburg Borough
Arizona,Greenlee County
Arizona,Maricopa County
Arkansas,Arkansas County
Arkansas,Johnson County
Arkansas,Nevada County
Arkansas,Union County
California,Monterey County
California,Sacramento County
California,Trinity County
California,Yolo County
Colorado,Lake County
Florida,Polk County
Georgia,Atkinson County
Georgia,Forsyth County
Georgia,Franklin County
Georgia,Gilmer County
Georgia,Hancock County
Georgia,Jeff Davis County
Georgia,Pike County
Georgia,Treutlen County
Georgia,Troup County
Idaho,Bingham County
Illinois,McDonough County
Illinois,Saline County
Illinois,Vermilion County
Indiana,Floyd County
Indiana,Noble County
Indiana,Porter County
Iowa,Buchanan County
Iowa,Hardin County
Iowa,Mahaska County
Iowa,Taylor County
Kansas,Cherokee County
Kansas,Clark County
Kansas,Ellis County
Kansas,Lincoln County
Kansas,Miami County
Kansas,Wyandotte County
Kentucky,Barren County
Kentucky,Clark County
Kentucky,Hancock County
Kentucky,Knox County
Kentucky,Lewis County
Louisiana,Iberia Parish
Louisiana,Plaquemines Parish
Louisiana,Terrebonne Parish
Maine,Aroostook County
Maryland,Dorchester County
Massachusetts,Hampden County
Michigan,Gratiot County
Michigan,Lenawee County
Michigan,Mecosta County
Michigan,Osceola County
Minnesota,Big Stone County
Minnesota,Watonwan County
Mississippi,Kemper County
Mississippi,Yazoo County
Missouri,Wayne County
Montana,Chouteau County
Montana,Mineral County
Nebraska,Deuel County
Nebraska,Hayes County
New Mexico,Socorro County
New York,Cattaraugus County
New York,Chenango County
New York,Fulton County
New York,Monroe County
New York,Schenectady County
New York,Tioga County
New York,Wayne County
New York,Westchester County
North Carolina,Dare County
North Carolina,Hyde County
North Carolina,Macon County
North Carolina,Nash County
North Dakota,Hettinger County
North Dakota,McKenzie County
Ohio,Lucas County
Ohio,Pike County
Oklahoma,Cotton County
Oklahoma,Dewey County
Oklahoma,Okfuskee County
Oklahoma,Washita County
Oregon,Union County
Oregon,Wallowa County
Pennsylvania,Forest County
Pennsylvania,Lycoming County
South Carolina,Beaufort County
South Dakota,Bennett County
Tennessee,Meigs County
Tennessee,Tipton County
Texas,Blanco County
Texas,Callahan County
Texas,Cameron County
Texas,Childress County
Texas,Jackson County
Texas,Jasper County
Texas,Stonewall County
Texas,Webb County
Texas,Young County
Utah,Rich County
Washington,Adams County
Wisconsin,Racine County
Commonwealth of the Northern Mariana Islands,Northern Islands Municipality
Puerto Rico,Guayanilla Municipio
Puerto Rico,Patillas Municipio
Puerto Rico,Yabucoa Municipio
Alaska,Kodiak Island Borough
Alaska,Prince of Wales-Hyder Census Area
Arkansas,Clark County
California,Butte County
California,Imperial County
California,San Diego County
California,San Luis Obispo County
California,Tuolumne County
Colorado,Grand County
Colorado,San Juan County
Colorado,San Miguel County
Colorado,Teller County
Florida,Flagler County
Florida,Jefferson County
Florida,Orange County
Florida,Pinellas County
Georgia,Greene County
Georgia,Haralson County
Georgia,Pierce County
Georgia,Randolph County
Georgia,Richmond County
Georgia,Schley County
Georgia,Ware County
Georgia,Whitfield County
Georgia,Worth County
Hawaii,Kalawao County
Hawaii,Kauai County
Idaho,Caribou County
Idaho,Kootenai County
Idaho,Owyhee County
Illinois,Kane County
Illinois,Peoria County
Indiana,Daviess County
Indiana,Hamilton County
Indiana,LaGrange County
Indiana,Lawrence County
Indiana,Pulaski County
Iowa,Butler County
Iowa,Scott County
Iowa,Shelby County
Kansas,Linn County
Kansas,Neosho County
Kansas,Rawlins County
Kansas,Sheridan County
Kansas,Stafford County
Kentucky,Calloway County
Kentucky,Taylor County
Louisiana,Assumption Parish
Louisiana,De Soto Parish
Louisiana,Lincoln Parish
Louisiana,St. John the Baptist Parish
Louisiana,Vernon Parish
Maine,Penobscot County
Maryland,Montgomery County
Michigan,Allegan County
Michigan,Clinton County
Michigan,Genesee County
Minnesota,Wadena County
Mississippi,Scott County
Missouri,Atchison County
Missouri,Barry County
Missouri,Gentry County
Missouri,Oregon County
Missouri,Ozark County
Missouri,Ste. Genevieve County
Montana,Madison County
Montana,Stillwater County
Nebraska,Keya Paha County
Nebraska,Sherman County
New Jersey,Hunterdon County
New Jersey,Salem County
New Mexico,De Baca County
New York,Jefferson County
New York,Orleans County
North Carolina,Chowan County
North Carolina,Lincoln County
North Carolina,Union County
North Dakota,Ward County
Ohio,Lorain County
Ohio,Paulding County
Oklahoma,Comanche County
Oklahoma,Garfield County
Oklahoma,Murray County
Oklahoma,Woodward County
Oregon,Clackamas County
Oregon,Linn County
South Carolina,Dorchester County
South Carolina,Edgefield County
South Carolina,Horry County
South Carolina,York County
South Dakota,Grant County
South Dakota,Haakon County
South Dakota,Minnehaha County
South Dakota,Tripp County
Tennessee,Overton County
Tennessee,Wayne County
Texas,Anderson County
Texas,Aransas County
Texas,Armstrong County
Texas,Clay County
Texas,Hidalgo County
Texas,Sabine County
Texas,Throckmorton County
Utah,Duchesne County
Virginia,Craig County
Virginia,King William County
Virginia,Franklin city
Virginia,Virginia Beach city
Washington,Jefferson County
West Virginia,Boone County
West Virginia,Hardy County
West Virginia,Logan County
West Virginia,McDowell County
West Virginia,Ohio County
Wisconsin,Waukesha County
Wyoming,Converse County
Puerto Rico,Adjuntas Municipio
Puerto Rico,Añasco Municipio
Puerto Rico,Dorado Municipio
Puerto Rico,Lares Municipio
Puerto Rico,Mayagüez Municipio
North Dakota,Sioux County
North Dakota,Towner County
Ohio,Brown County
Ohio,Clark County
Ohio,Cuyahoga County
Ohio,Gallia County
Ohio,Hamilton County
Ohio,Knox County
Ohio,Montgomery County
Ohio,Noble County
Ohio,Richland County
Ohio,Scioto County
Oklahoma,Logan County
Oklahoma,McClain County
Oklahoma,Major County
Oklahoma,Pottawatomie County
Pennsylvania,Cambria County
Rhode Island,Bristol County
South Carolina,Cherokee County
South Carolina,Greenville County
South Dakota,Hamlin County
South Dakota,Jones County
South Dakota,Lyman County
Tennessee,Benton County
Tennessee,Coffee County
Tennessee,Hamblen County
Texas,Borden County
Texas,Comal County
Texas,Comanche County
Texas,Floyd County
Texas,Frio County
Texas,Garza County
Texas,Gray County
Texas,Kerr County
Texas,Mitchell County
Texas,Nueces County
Texas,Ochiltree County
Texas,Terry County
Texas,Zavala County
Utah,Sanpete County
Virginia,Charles City County
Virginia,Nottoway County
Virginia,Manassas Park city
Washington,Island County
West Virginia,Webster County
Wisconsin,Green County
Wisconsin,Green Lake County
Wisconsin,Langlade County
Wisconsin,Pepin County
Puerto Rico,Cidra Municipio
Puerto Rico,Vieques Municipio
United States Virgin Islands,St. Thomas Island
Missouri,Harrison County
Missouri,Stoddard County
Montana,Cascade County
Montana,Glacier County
Montana,Liberty County
Montana,Rosebud County
Nebraska,Garfield County
Nebraska,Johnson County
Nebraska,Lancaster County
Nebraska,Washington County
New Jersey,Cape May County
New Jersey,Mercer County
New Mexico,Sierra County
New York,Rockland County
North Carolina,Currituck County
North Carolina,Davidson County
North Carolina,Davie County
North Carolina,Granville County
North Carolina,Mitchell County
Alabama,Walker County
California,Amador County
California,Kings County
California,Mono County
Colorado,Eagle County
Colorado,Mesa County
Delaware,New Castle County
Florida,Putnam County
Georgia,Brantley County
Georgia,Dooly County
Georgia,Echols County
Georgia,Macon County
Georgia,Paulding County
Georgia,Seminole County
Georgia,Turner County
Illinois,DeKalb County
Illinois,Piatt County
Illinois,Washington County
Kansas,Brown County
Kansas,Gove County
Kansas,Greenwood County
Kansas,Jackson County
Kentucky,Franklin County
Kentucky,Gallatin County
Kentucky,Lawrence County
Kentucky,McLean County
Kentucky,Woodford County
Louisiana,Bienville Parish
Louisiana,Pointe Coupee Parish
Maine,Lincoln County
Maryland,Caroline County
Minnesota,Dakota County
Minnesota,Kanabec County
Mississippi,George County
Mississippi,Jones County
Mississippi,Pike County
Mississippi,Washington County
Alabama,Dallas County
Alabama,Macon County
California,Solano County
Colorado,Crowley County
Florida,Hernando County
Florida,Lee County
Florida,Washington County
Georgia,Morgan County
Georgia,Webster County
Idaho,Washington County
Illinois,Cass County
Illinois,Clark County
Illinois,McLean County
Indiana,Crawford County
Kansas,Cowley County
Kansas,Kearny County
Kansas,Leavenworth County
Kansas,Seward County
Kansas,Sherman County
Kansas,Stevens County
Kentucky,Hardin County
Kentucky,McCreary County
Kentucky,Rockcastle County
Maryland,Anne Arundel County
Massachusetts,Dukes County
Michigan,Manistee County
Michigan,Oakland County
Michigan,Tuscola County
Michigan,Van Buren County
Minnesota,Carlton County
Missouri,Butler County
Ohio,Athens County
Ohio,Darke County
Ohio,Ross County
Ohio,Vinton County
Oklahoma,Beaver County
Oklahoma,Caddo County
Oklahoma,Haskell County
Oklahoma,Pawnee County
Pennsylvania,Crawford County
Pennsylvania,Perry County
Pennsylvania,Tioga County
South Carolina,Hampton County
South Carolina,Sumter County
South Dakota,Ziebach County
Tennessee,Hamilton County
Tennessee,Lincoln County
Texas,Dimmit County
Texas,Goliad County
Texas,Hays County
Texas,Hunt County
Texas,Jefferson County
Texas,Maverick County
Texas,Menard County
Texas,Refugio County
Texas,Roberts County
Texas,Trinity County
Texas,Ward County
Texas,Wharton County
Utah,Salt Lake County
Vermont,Windsor County
Virginia,Brunswick County
Virginia,James City County
Virginia,Mecklenburg County
Washington,Douglas County
Washington,Lincoln County
Washington,Whitman County
West Virginia,Brooke County
West Virginia,Wirt County
West Virginia,Wood County
Wisconsin,Iron County
Wisconsin,Rock County
Wyoming,Uinta County
Puerto Rico,San Lorenzo Municipio
Missouri,Howell County
Missouri,Jefferson County
Missouri,Lewis County
Missouri,Ralls County
Missouri,St. Louis city
Montana,Powder River County
Nebraska,Dawes County
Nebraska,Phelps County
Nebraska,Webster County
New York,Dutchess County
North Carolina,Graham County
North Carolina,Lenoir County
North Carolina,Northampton County
North Carolina,Onslow County
Missouri,Cape Girardeau County
Missouri,Scotland County
Nebraska,Cass County
Nebraska,Otoe County
Nebraska,Stanton County
Nevada,Lander County
New Jersey,Somerset County
New York,Genesee County
North Carolina,Hoke County
North Dakota,Dunn County
North Dakota,Griggs County
North Dakota,Pierce County
Ohio,Crawford County
Ohio,Greene County
Ohio,Morrow County
Ohio,Williams County
Oklahoma,McIntosh County
Oregon,Clatsop County
Pennsylvania,Clarion County
South Carolina,Anderson County
South Carolina,Clarendon County
South Dakota,Corson County
South Dakota,Davison County
South Dakota,Deuel County
South Dakota,Lake County
Tennessee,Claiborne County
Tennessee,Madison County
Texas,Camp County
Texas,Cottle County
Texas,Culberson County
Texas,Hemphill County
Texas,Henderson County
Texas,Jim Hogg County
Texas,Johnson County
Texas,Madison County
Texas,Montgomery County
Texas,Sutton County
Texas,Terrell County
Texas,Titus County
Utah,Beaver County
Utah,Wayne County
Virginia,Floyd County
Virginia,King and Queen County
Virginia,York County
Virginia,Roanoke city
Washington,Clark County
Washington,San Juan County
West Virginia,Clay County
West Virginia,Taylor County
Wisconsin,Oconto County
Wisconsin,St. Croix County
Puerto Rico,Cataño Municipio
Puerto Rico,Trujillo Alto Municipio
Puerto Rico,Utuado Municipio
Alabama,Bibb County
Alabama,Lee County
Arkansas,Ashley County
Arkansas,Chicot County
Arkansas,Newton County
Arkansas,Scott County
Arkansas,Sharp County
Arkansas,Van Buren County
California,Alpine County
Colorado,Chaffee County
Colorado,Jefferson County
Florida,Hendry County
Florida,Hillsborough County
Florida,Holmes County
Georgia,Bacon County
Georgia,Crawford County
Georgia,Johnson County
Georgia,Lumpkin County
Georgia,Pickens County
Georgia,Screven County
Georgia,Thomas County
Idaho,Minidoka County
Idaho,Twin Falls County
Illinois,Coles County
Illinois,Gallatin County
Illinois,Jasper County
Illinois,Madison County
Illinois,Pope County
Indiana,Jennings County
Indiana,Posey County
Indiana,Shelby County
Indiana,Tippecanoe County
Iowa,Adams County
Iowa,Allamakee County
Iowa,Cherokee County
Iowa,Sac County
Kansas,Grant County
Kansas,Montgomery County
Kentucky,Bourbon County
Kentucky,Clinton County
Kentucky,Fulton County
Kentucky,Livingston County
Kentucky,Monroe County
Kentucky,Oldham County
Louisiana,Ouachita Parish
Louisiana,Richland Parish
Maine,Hancock County
Maryland,Queen Anne's County
Michigan,Emmet County
Michigan,Grand Traverse County
Michigan,Keweenaw County
Michigan,Leelanau County
Michigan,Montmorency County
Michigan,Schoolcraft County
Minnesota,Cook County
Minnesota,Koochiching County
Minnesota,Martin County
Minnesota,Pennington County
Minnesota,St. Louis County
Minnesota,Waseca County
Mississippi,Harrison County
Mississippi,Union County
Missouri,Camden County
Alabama,Mobile County
Arizona,Navajo County
Arkansas,Cleveland County
Arkansas,Lonoke County
Arkansas,Ouachita County
California,San Benito County
Colorado,Broomfield County
Colorado,Washington County
Connecticut,Greater Bridgeport Planning Region
Florida,Baker County
Florida,Bradford County
Florida,Brevard County
Florida,Gulf County
Florida,Indian River County
Georgia,Bibb County
Georgia,Carroll County
Georgia,Chattooga County
Georgia,Columbia County
Georgia,Emanuel County
Georgia,Glascock County
Georgia,Oglethorpe County
Georgia,Upson County
Georgia,Walker County
Georgia,Washington County
Idaho,Jefferson County
Idaho,Lewis County
Illinois,Champaign County
Illinois,Christian County
Illinois,Hamilton County
Illinois,Henry County
Illinois,Scott County
Indiana,Fountain County
Indiana,Greene County
Indiana,Harrison County
Indiana,Montgomery County
Indiana,Ripley County
Indiana,Switzerland County
Iowa,Clayton County
Iowa,Davis County
Iowa,Floyd County
Iowa,Kossuth County
Iowa,Muscatine County
Iowa,Winnebago County
Kansas,Clay County
Kansas,Decatur County
Kentucky,Nelson County
Kentucky,Trimble County
Maine,Androscoggin County
Maine,Sagadahoc County
Michigan,Calhoun County
Michigan,Luce County
Michigan,Midland County
Minnesota,Becker County
Minnesota,Clay County
Minnesota,Clearwater County
Minnesota,Hubbard County
Minnesota,Lake of the Woods County
Minnesota,Nicollet County
Minnesota,Otter Tail County
Minnesota,Pine County
Minnesota,Red Lake County
Mississippi,Claiborne County
Mississippi,Monroe County
Missouri,Bollinger County
Missouri,Clark County
Missouri,Crawford County
Missouri,Dade County
Missouri,Pemiscot County
Nebraska,Arthur County
Nebraska,Boyd County
Nebraska,Franklin County
Nebraska,Kimball County
New Hampshire,Sullivan County
New Jersey,Warren County
New Mexico,Torrance County
New York,Oneida County
New York,Putnam County
New York,Ulster County
North Dakota,Billings County
North Dakota,Walsh County
Ohio,Allen County
Ohio,Belmont County
Ohio,Lake County
Ohio,Sandusky County
Ohio,Shelby County
Ohio,Summit County
Ohio,Wood County
Oklahoma,Kiowa County
Oklahoma,Marshall County
Oregon,Tillamook County
Pennsylvania,Bradford County
Pennsylvania,Cumberland County
South Carolina,Dillon County
South Carolina,Spartanburg County
South Dakota,Brown County
South Dakota,Harding County
South Dakota,Marshall County
South Dakota,Potter County
Tennessee,Fayette County
Tennessee,Grundy County
Tennessee,Hardin County
Tennessee,Loudon County
Tennessee,Macon County
Texas,Burnet County
Texas,Cochran County
Texas,DeWitt County
Texas,Howard County
Texas,Mills County
Texas,Montague County
Utah,Grand County
Virginia,Amelia County
Virginia,Bedford County
Virginia,Caroline County
Virginia,Carroll County
Virginia,Chesterfield County
Virginia,Dickenson County
Virginia,Prince George County
Virginia,Washington County
Washington,Whatcom County
West Virginia,Kanawha County
Wisconsin,Sawyer County
Wisconsin,Trempealeau County
Wisconsin,Winnebago County
Puerto Rico,Juana Díaz Municipio
Alabama,Cleburne County
Alabama,Houston County
Alabama,Limestone County
Alabama,Lowndes County
Alabama,Russell County
Alaska,Juneau City and Borough
Arkansas,Benton County
Arkansas,Dallas County
Arkansas,Independence County
Arkansas,Izard County
Arkansas,Montgomery County
California,Lassen County
California,Placer County
Colorado,Arapahoe County
Colorado,Conejos County
Connecticut,Western Connecticut Planning Region
Florida,Citrus County
Florida,Seminole County
Georgia,Jenkins County
Georgia,Laurens County
Georgia,Peach County
Illinois,Ford County
Illinois,LaSalle County
Illinois,Pike County
Illinois,Shelby County
Illinois,Will County
Illinois,Williamson County
Indiana,Dubois County
Indiana,Sullivan County
Indiana,Tipton County
Iowa,Cedar County
Iowa,Keokuk County
Kansas,Cheyenne County
Kansas,Finney County
Kentucky,Henry County
Kentucky,Laurel County
Louisiana,Cameron Parish
Louisiana,Madison Parish
Maryland,Kent County
Maryland,Somerset County
Minnesota,Anoka County
Minnesota,Cass County
Minnesota,Winona County
Mississippi,Hinds County
Mississippi,Perry County
Missouri,Buchanan County
North Dakota,Cass County
North Dakota,Eddy County
Ohio,Morgan County
Ohio,Ottawa County
Oregon,Jackson County
Oregon,Multnomah County
Pennsylvania,Chester County
Pennsylvania,Elk County
Pennsylvania,Somerset County
Rhode Island,Newport County
South Carolina,Williamsburg County
South Dakota,Beadle County
Tennessee,Carter County
Tennessee,Crockett County
Tennessee,Dyer County
Tennessee,Knox County
Tennessee,Maury County
Texas,Brooks County
Texas,Castro County
Texas,Colorado County
Texas,Eastland County
Texas,Fannin County
Texas,Gonzales County
Texas,La Salle County
Texas,Orange County
Texas,Stephens County
Texas,Tyler County
Vermont,Washington County
Virginia,Bland County
Virginia,Prince William County
Virginia,Salem city
Virginia,Suffolk city
Washington,Ferry County
Washington,Pend Oreille County
West Virginia,Marion County
Wisconsin,Crawford County
Wisconsin,Grant County
Wisconsin,Lafayette County
Wisconsin,Richland County
Wisconsin,Rusk County
Wisconsin,Walworth County
Wisconsin,Washington County
Puerto Rico,Cayey Municipio
Puerto Rico,Naguabo Municipio
Puerto Rico,Sabana Grande Municipio
Puerto Rico,San Juan Municipio
Missouri,Dallas County
Missouri,Lawrence County
Missouri,Mercer County
Missouri,Putnam County
Missouri,Taney County
Montana,Jefferson County
Montana,Lewis and Clark County
Montana,Park County
Nebraska,Buffalo County
Nebraska,Dakota County
New Mexico,Colfax County
New Mexico,Doña Ana County
New Mexico,Eddy County
North Carolina,Anson County
North Carolina,Bladen County
North Carolina,Sampson County
North Carolina,Warren County
Nebraska,Keith County
Nebraska,Loup County
Nebraska,Pierce County
Nebraska,Sioux County
Nebraska,Wheeler County
Nevada,Carson City
New Jersey,Union County
Alabama,Autauga County
Alabama,Choctaw County
Arizona,Apache County
California,San Bernardino County
Florida,Charlotte County
Florida,Collier County
Georgia,Crisp County
Georgia,Newton County
Hawaii,Hawaii County
Idaho,Franklin County
Illinois,Franklin County
Illinois,Putnam County
Illinois,Wayne County
Indiana,Franklin County
Iowa,Benton County
Iowa,Black Hawk County
Iowa,Bremer County
Iowa,Clay County
Kentucky,Bath County
Kentucky,Trigg County
Louisiana,Lafayette Parish
Louisiana,St. Bernard Parish
Maine,Kennebec County
Maryland,Harford County
Massachusetts,Barnstable County
Michigan,Dickinson County
Michigan,Missaukee County
Michigan,Oscoda County
Michigan,Wexford County
Minnesota,Cottonwood County
Minnesota,Grant County
Minnesota,McLeod County
Minnesota,Renville County
Mississippi,Coahoma County
Mississippi,Itawamba County
Mississippi,Webster County
Missouri,Madison County
Missouri,Montgomery County
Missouri,Pettis County
Missouri,Schuyler County
Montana,Fergus County
Montana,Sanders County
Montana,Sheridan County
Nebraska,Clay County
Nebraska,Colfax County
Nebraska,Gosper County
Nebraska,Valley County
New Mexico,Chaves County
New York,Schoharie County
North Dakota,LaMoure County
North Dakota,Ransom County
Oklahoma,Hughes County
Oklahoma,Johnston County
Oklahoma,Love County
Oklahoma,Pontotoc County
Oklahoma,Rogers County
Oregon,Hood River County
Pennsylvania,Centre County
Rhode Island,Washington County
South Carolina,Chesterfield County
South Carolina,Georgetown County
South Dakota,Douglas County
South Dakota,Todd County
Tennessee,Bradley County
Tennessee,Campbell County
Tennessee,Carroll County
Texas,Calhoun County
Texas,Cooke County
Texas,Gaines County
Texas,Jeff Davis County
Texas,Knox County
Texas,Limestone County
Texas,Smith County
Texas,Upshur County
Texas,Victoria County
Texas,Winkler County
Vermont,Rutland County
Virginia,Stafford County
Virginia,Alexandria city
Virginia,Emporia city
Virginia,Poquoson city
Washington,Benton County
Washington,King County
West Virginia,Cabell County
West Virginia,Fayette County
West Virginia,Gilmer County
West Virginia,Mason County
West Virginia,Upshur County
Wisconsin,Lincoln County
Wisconsin,Portage County
Wyoming,Goshen County
Puerto Rico,Bayamón Municipio
Puerto Rico,Santa Isabel Municipio
North Carolina,Brunswick County
North Carolina,Edgecombe County
North Carolina,Transylvania County
Missouri,Carroll County
Tennessee,Smith County
Texas,Austin County
Texas,Bosque County
Texas,Denton County
Texas,Ector County
Texas,Ellis County
Texas,Lipscomb County
Texas,Randall County
Texas,Rockwall County
Utah,Carbon County
Vermont,Lamoille County
Virginia,Bath County
Virginia,Lee County
Virginia,Roanoke County
Virginia,Charlottesville city
Virginia,Danville city
Virginia,Fairfax city
Washington,Clallam County
Washington,Stevens County
Washington,Wahkiakum County
West Virginia,Jefferson County
Wisconsin,Clark County
Wisconsin,Dodge County
Wisconsin,Pierce County
Wyoming,Sheridan County
American Samoa,Swains Island
Puerto Rico,Barranquitas Municipio
Puerto Rico,Rincón Municipio
Puerto Rico,Vega Alta Municipio
North Dakota,Pembina County
North Dakota,Richland County
Ohio,Delaware County
Ohio,Holmes County
Ohio,Lawrence County
Ohio,Warren County
Ohio,Wyandot County
Oklahoma,Ellis County
Oklahoma,Mayes County
Pennsylvania,Dauphin County
Pennsylvania,Luzerne County
Pennsylvania,Pike County
South Carolina,McCormick County
South Dakota,Hand County
South Dakota,Sanborn County
Tennessee,Anderson County
Tennessee,Polk County
Missouri,Douglas County
Missouri,Linn County
Missouri,Maries County
Missouri,Perry County
Missouri,Pulaski County
Missouri,Shannon County
Missouri,Texas County
Montana,Prairie County
Montana,Roosevelt County
Nebraska,Brown County
Nebraska,Kearney County
Nebraska,Polk County
Nebraska,Sheridan County
Nevada,Mineral County
New York,Herkimer County
New York,Nassau County
North Carolina,Caldwell County
North Carolina,Halifax County
North Carolina,Surry County
Alabama,Coosa County
Alabama,Montgomery County
Alaska,Aleutians West Census Area
Arkansas,Columbia County
Arkansas,Crawford County
Arkansas,Pike County
Arkansas,Sebastian County
Arkansas,Stone County
California,Del Norte County
California,Sierra County
Colorado,Baca County
Colorado,Ouray County
Colorado,Pueblo County
Colorado,Rio Grande County
Colorado,Routt County
Connecticut,Lower Connecticut River Valley Planning Region
Georgia,Baker County
Georgia,Harris County
Georgia,Miller County
Georgia,Sumter County
Georgia,Tattnall County
Georgia,Union County
Idaho,Bannock County
Idaho,Bonner County
Illinois,Alexander County
Illinois,Bond County
Illinois,Randolph County
Illinois,Wabash County
Indiana,Kosciusko County
Indiana,Owen County
Indiana,Vermillion County
Indiana,Wells County
Iowa,Appanoose County
Iowa,Warren County
Iowa,Wayne County
Kansas,Ellsworth County
Kansas,Greeley County
Kansas,Kiowa County
Kansas,Lane County
Kansas,Phillips County
Kansas,Pratt County
Kansas,Riley County
Kansas,Stanton County
Kentucky,Carlisle County
Kentucky,Fleming County
Kentucky,Greenup County
Kentucky,Lyon County
Kentucky,Pendleton County
Kentucky,Simpson County
Kentucky,Spencer County
Kentucky,Union County
Louisiana,Sabine Parish
Maine,Piscataquis County
Maryland,Talbot County
Minnesota,Chisago County
Minnesota,Douglas County
Minnesota,Mahnomen County
Minnesota,Rock County
Mississippi,Copiah County
Mississippi,Smith County
Mississippi,Wayne County
Missouri,Benton County
Alabama,Lawrence County
Alabama,Pike County
Arkansas,Conway County
Arkansas,Miller County
Arkansas,Prairie County
California,Kern County
California,Lake County
California,San Francisco County
California,Tulare County
Colorado,Denver County
Colorado,Rio Blanco County
Colorado,Weld County
Florida,Bay County
Florida,Levy County
Georgia,Jefferson County
Georgia,McIntosh County
Georgia,Madison County
Georgia,Montgomery County
Georgia,Oconee County
Idaho,Boundary County
Idaho,Clearwater County
Idaho,Power County
Illinois,De Witt County
Illinois,DuPage County
Illinois,Iroquois County
Illinois,Jackson County
Illinois,Lee County
Illinois,Union County
Indiana,Blackford County
Indiana,Boone County
Indiana,Decatur County
Indiana,Elkhart County
Iowa,Cerro Gordo County
Iowa,Clarke County
Iowa,O'Brien County
Kansas,Atchison County
Kansas,Barber County
Kansas,Bourbon County
Kansas,Marshall County
Kansas,Mitchell County
Kansas,Republic County
Kentucky,Casey County
Kentucky,Floyd County
Kentucky,Hopkins County
Kentucky,Muhlenberg County
Kentucky,Russell County
Louisiana,Bossier Parish
Louisiana,St. Helena Parish
Louisiana,St. James Parish
Massachusetts,Plymouth County
Michigan,St. Clair County
Minnesota,Isanti County
Mississippi,Greene County
Mississippi,Pearl River County
Mississippi,Prentiss County
Missouri,Henry County
Missouri,Marion County
Missouri,Miller County
Missouri,Morgan County
Missouri,Reynolds County
Montana,Lake County
Nebraska,Chase County
Nebraska,Dundy County
Nebraska,Furnas County
Nebraska,Nemaha County
Nebraska,Rock County
Nebraska,Thomas County
New Hampshire,Carroll County
New Jersey,Passaic County
New Mexico,Curry County
New York,New York County
New York,Washington County
North Carolina,Yancey County
North Dakota,Bowman County
North Dakota,Stark County
Ohio,Ashtabula County
Ohio,Clinton County
Ohio,Trumbull County
Oklahoma,Custer County
Oklahoma,Muskogee County
Oregon,Crook County
Oregon,Lake County
Oregon,Washington County
Pennsylvania,Blair County
Pennsylvania,Bucks County
Pennsylvania,Franklin County
South Carolina,Darlington County
South Dakota,Bon Homme County
South Dakota,Mellette County
South Dakota,Pennington County
Tennessee,Chester County
Tennessee,Giles County
Tennessee,Jefferson County
Tennessee,McMinn County
Tennessee,Unicoi County
Texas,Dickens County
Texas,Gregg County
Texas,Harris County
Texas,Hudspeth County
Texas,San Patricio County
Texas,Tarrant County
Vermont,Bennington County
Virginia,Appomattox County
Virginia,Montgomery County
Virginia,Orange County
Virginia,Rockbridge County
Virginia,Hopewell city
Virginia,Radford city
Virginia,Richmond city
West Virginia,Tyler County
Wisconsin,Barron County
Wisconsin,La Crosse County
Wisconsin,Shawano County
American Samoa,Western District
United States Virgin Islands,St. John Island
Alabama,Baldwin County
Alabama,Cullman County
Alabama,Winston County
Alaska,Ketchikan Gateway Borough
Arizona,Coconino County
Arkansas,Lafayette County
Arkansas,Phillips County
California,Fresno County
California,Mendocino County
California,Stanislaus County
Colorado,Adams County
Florida,Liberty County
Florida,Pasco County
Georgia,Berrien County
Georgia,Candler County
Georgia,Chatham County
Georgia,Pulaski County
Idaho,Lemhi County
Illinois,Fayette County
Illinois,Kankakee County
Indiana,Miami County
Indiana,Monroe County
Indiana,Union County
Iowa,Buena Vista County
Iowa,Chickasaw County
Iowa,Fayette County
Iowa,Hamilton County
Iowa,Mitchell County
Kansas,Lyon County
Kansas,Thomas County
Kansas,Trego County
Kentucky,Carroll County
Kentucky,Carter County
Kentucky,Garrard County
Kentucky,Marion County
Kentucky,Scott County
Kentucky,Webster County
Louisiana,Catahoula Parish
Louisiana,Orleans Parish
Louisiana,St. Landry Parish
Maine,Knox County
Michigan,St. Joseph County
Minnesota,Redwood County
Minnesota,Steele County
Mississippi,Adams County
Mississippi,Jackson County
Mississippi,Marion County
Mississippi,Neshoba County
Missouri,Adair County
Missouri,Randolph County
Missouri,Webster County
Montana,Golden Valley County
Montana,Lincoln County
Montana,Treasure County
Nebraska,Banner County
Nebraska,Douglas County
Nebraska,Knox County
Nebraska,Seward County
Nebraska,Thurston County
Nevada,Douglas County
Nevada,Washoe County
New Jersey,Burlington County
New York,Yates County
North Carolina,Beaufort County
North Carolina,Caswell County
North Carolina,Lee County
North Carolina,Montgomery County
North Carolina,Richmond County
North Carolina,Stanly County
North Carolina,Watauga County
North Dakota,Kidder County
North Dakota,McHenry County
Ohio,Clermont County
Ohio,Jackson County
Oklahoma,Creek County
Oklahoma,Nowata County
Oklahoma,Okmulgee County
Oregon,Morrow County
South Dakota,Aurora County
South Dakota,Charles Mix County
South Dakota,McCook County
Tennessee,Hancock County
Tennessee,Houston County
Tennessee,Montgomery County
Tennessee,Rhea County
Texas,El Paso County
Texas,Moore County
Texas,Panola County
Texas,Runnels County
Texas,Scurry County
Vermont,Franklin County
Virginia,Buchanan County
Virginia,Pittsylvania County
Virginia,Wythe County
Washington,Spokane County
West Virginia,Pleasants County
Wyoming,Lincoln County
Commonwealth of the Northern Mariana Islands,Saipan Municipality
Puerto Rico,Comerío Municipio
Puerto Rico,Florida Municipio
Puerto Rico,Guánica Municipio
Puerto Rico,Moca Municipio
Missouri,St. Clair County
Missouri,Holt County
Missouri,Lafayette County
Missouri,Shelby County
Montana,Garfield County
Montana,McCone County
Montana,Powell County
Nebraska,Adams County
Nebraska,Dixon County
Nebraska,Hall County
Nebraska,Perkins County
Nebraska,Richardson County
Nevada,Clark County
Nevada,Eureka County
New Hampshire,Belknap County
New Mexico,Mora County
North Carolina,Alamance County
North Carolina,Camden County
North Carolina,Gaston County
North Carolina,Orange County
North Carolina,Rockingham County
North Carolina,Stokes County
North Dakota,Benson County
North Dakota,Grant County
North Dakota,Wells County
Ohio,Adams County
Ohio,Fulton County
Ohio,Perry County
Oklahoma,Atoka County
Oklahoma,Lincoln County
Oklahoma,Payne County
Oregon,Lane County
Pennsylvania,Cameron County
South Carolina,Charleston County
South Carolina,Florence County
South Dakota,Codington County
South Dakota,Hutchinson County
South Dakota,Turner County
Tennessee,Humphreys County
Tennessee,Johnson County
Tennessee,Morgan County
Texas,Brown County
Texas,Chambers County
Texas,Coleman County
Texas,Crockett County
Texas,Duval County
Texas,Hardeman County
Texas,Harrison County
Texas,Jones County
Texas,Lavaca County
Texas,Mason County
Texas,Rains County
Texas,Willacy County
Utah,Emery County
Utah,Millard County
Utah,San Juan County
Virginia,Henrico County
Virginia,Henry County
Virginia,Mathews County
Virginia,Warren County
Virginia,Buena Vista city
Virginia,Petersburg city
Virginia,Staunton city
West Virginia,Nicholas County
West Virginia,Pendleton County
Wisconsin,Brown County
Wisconsin,Chippewa County
Wisconsin,Dane County
Wisconsin,Price County
Puerto Rico,Gurabo Municipio
Puerto Rico,Las Piedras Municipio
Puerto Rico,Ponce Municipio
Puerto Rico,San Sebastián Municipio
Oregon,Douglas County
Oregon,Gilliam County
Oregon,Josephine County
Alabama,Hale County
Alaska,Chugach Census Area
Alaska,Haines Borough
Alaska,Sitka City and Borough
Arkansas,Cross County
Arkansas,White County
California,Orange County
California,Santa Cruz County
Colorado,Alamosa County
Colorado,Cheyenne County
Colorado,Delta County
Colorado,Huerfano County
Colorado,Lincoln County
Connecticut,Capitol Planning Region
Florida,Madison County
Florida,St. Lucie County
Florida,Sumter County
Georgia,Barrow County
Georgia,Camden County
Georgia,Clarke County
Georgia,Decatur County
Georgia,Putnam County
Georgia,Telfair County
Georgia,Wilkinson County
Idaho,Canyon County
Idaho,Lincoln County
Illinois,Carroll County
Illinois,Cumberland County
Illinois,Hancock County
Illinois,Kendall County
Illinois,Mason County
Indiana,Allen County
Indiana,Washington County
Iowa,Harrison County
Iowa,Ida County
Kansas,Crawford County
Kansas,Wichita County
Kentucky,Christian County
Kentucky,Cumberland County
Kentucky,Jefferson County
Kentucky,Jessamine County
Kentucky,McCracken County
Kentucky,Martin County
Kentucky,Rowan County
Louisiana,LaSalle Parish
Michigan,Ingham County
Michigan,Iosco County
Michigan,Lapeer County
Minnesota,Lac qui Parle County
Minnesota,Marshall County
Minnesota,Morrison County
Minnesota,Wilkin County
Minnesota,Yellow Medicine County
Mississippi,Sharkey County
Mississippi,Stone County
Mississippi,Walthall County
Mississippi,Winston County
Alabama,Barbour County
Alabama,Clay County
Alabama,Washington County
Arkansas,Baxter County
Arkansas,Greene County
Arkansas,Hot Spring County
Arkansas,Polk County
Arkansas,Sevier County
Colorado,El Paso County
Florida,Glades County
Florida,Lafayette County
Florida,Sarasota County
Georgia,Clinch County
Georgia,Gwinnett County
Georgia,Jackson County
Georgia,Walton County
Georgia,Wilkes County
Idaho,Fremont County
Idaho,Gem County
Idaho,Payette County
Idaho,Shoshone County
Illinois,Brown County
Illinois,Douglas County
Illinois,Macon County
Illinois,Macoupin County
Illinois,St. Clair County
Indiana,Marshall County
Indiana,Perry County
Indiana,Vanderburgh County
Iowa,Hancock County
Iowa,Jones County
Iowa,Wapello County
Kansas,Chautauqua County
Kansas,Elk County
Kansas,Haskell County
Kansas,Morton County
Kansas,Pawnee County
Kansas,Rush County
Kentucky,Boyd County
Kentucky,Boyle County
Kentucky,Daviess County
Kentucky,Grayson County
Kentucky,Harrison County
Kentucky,Henderson County
Kentucky,Larue County
Kentucky,Letcher County
Kentucky,Logan County
Kentucky,Robertson County
Kentucky,Whitley County
Louisiana,Calcasieu Parish
Maine,Franklin County
Maine,Washington County
Maryland,Howard County
Michigan,Charlevoix County
Michigan,Gogebic County
Michigan,Kent County
Michigan,Monroe County
Minnesota,Crow Wing County
Minnesota,Mille Lacs County
Minnesota,Mower County
Mississippi,Carroll County
Mississippi,Franklin County
Mississippi,Humphreys County
Mississippi,Lincoln County
Mississippi,Tallahatchie County
North Dakota,Dickey County
Ohio,Carroll County
Oklahoma,Pittsburg County
Oregon,Coos County
Oregon,Deschutes County
Pennsylvania,Armstrong County
Pennsylvania,Carbon County
Pennsylvania,Clinton County
Pennsylvania,Greene County
Pennsylvania,Lancaster County
Pennsylvania,Washington County
South Carolina,Bamberg County
South Carolina,Fairfield County
South Carolina,Oconee County
South Dakota,Brookings County
South Dakota,Faulk County
South Dakota,Perkins County
Tennessee,Davidson County
Tennessee,Gibson County
Tennessee,Obion County
Texas,Andrews County
Texas,Brazoria County
Texas,Collin County
Texas,Guadalupe County
Texas,McCulloch County
Texas,Nacogdoches County
Texas,Reagan County
Texas,Red River County
Texas,Shelby County
Texas,Washington County
Utah,Utah County
Utah,Weber County
Virginia,Augusta County
Virginia,Culpeper County
Virginia,Essex County
Virginia,Grayson County
Virginia,Spotsylvania County
Virginia,Colonial Heights city
Virginia,Lynchburg city
Wyoming,Albany County
Wyoming,Big Horn County
Puerto Rico,Arroyo Municipio
Puerto Rico,Canóvanas Municipio
Missouri,Dunklin County
Missouri,Laclede County
Missouri,Pike County
Missouri,Scott County
Montana,Granite County
Nebraska,Cedar County
Nebraska,Sarpy County
Nebraska,Wayne County
Nevada,Churchill County
Nevada,Lyon County
New Hampshire,Strafford County
New Jersey,Atlantic County
New Jersey,Cumberland County
New Jersey,Essex County
New Jersey,Middlesex County
New Mexico,Bernalillo County
New York,Albany County
New York,Steuben County
North Carolina,Craven County
North Carolina,Pitt County
North Carolina,Rowan County
Alabama,Conecuh County
Alabama,Escambia County
Alabama,Franklin County
Alabama,Jackson County
Arizona,Cochise County
Arkansas,Marion County
California,Marin County
Colorado,Kiowa County
Colorado,La Plata County
Connecticut,Northeastern Connecticut Planning Region
Florida,Hardee County
Georgia,Bartow County
Georgia,Butts County
Georgia,Houston County
Georgia,Marion County
Georgia,Meriwether County
Georgia,Rockdale County
Georgia,Wilcox County
Idaho,Jerome County
Illinois,Jersey County
Illinois,Stephenson County
Indiana,Carroll County
Indiana,Howard County
Indiana,Jasper County
Indiana,St. Joseph County
Indiana,Scott County
Iowa,Iowa County
Iowa,Polk County
Iowa,Ringgold County
Kansas,Douglas County
Kansas,Edwards County
Kansas,McPherson County
Kansas,Ness County
Kentucky,Ohio County
Louisiana,Franklin Parish
Louisiana,Grant Parish
Louisiana,Jackson Parish
Louisiana,St. Mary Parish
Louisiana,Tensas Parish
Louisiana,Winn Parish
Maine,Waldo County
Michigan,Arenac County
Michigan,Gladwin County
Michigan,Iron County
Michigan,Livingston County
Minnesota,Scott County
Minnesota,Sibley County
Minnesota,Stearns County
Mississippi,Benton County
Mississippi,Hancock County
Mississippi,Rankin County
North Dakota,Rolette County
North Dakota,Stutsman County
Ohio,Erie County
Ohio,Mercer County
Oklahoma,Canadian County
Oklahoma,Cherokee County
Oklahoma,Harmon County
Oklahoma,Stephens County
Oregon,Grant County
Oregon,Harney County
Pennsylvania,Berks County
Pennsylvania,Mifflin County
Pennsylvania,Schuylkill County
South Carolina,Jasper County
South Carolina,Kershaw County
South Carolina,Laurens County
South Dakota,Brule County
South Dakota,Dewey County
South Dakota,Gregory County
South Dakota,Hyde County
South Dakota,Sully County
Tennessee,Blount County
Tennessee,Fentress County
Tennessee,Grainger County
Tennessee,Robertson County
Texas,Collingsworth County
Texas,Irion County
Texas,Kimble County
Texas,Nolan County
Texas,Shackelford County
Texas,Starr County
Texas,Taylor County
Texas,Wise County
Virginia,Botetourt County
Virginia,Dinwiddie County
Virginia,Fluvanna County
Virginia,Franklin County
Virginia,Greene County
Virginia,Greensville County
Virginia,Rockingham County
Washington,Asotin County
Washington,Chelan County
Wisconsin,Columbia County
Wisconsin,Douglas County
Wisconsin,Florence County
Wisconsin,Jefferson County
Wyoming,Laramie County
Wyoming,Platte County
Puerto Rico,Aguadilla Municipio
Puerto Rico,Carolina Municipio
Puerto Rico,Corozal Municipio
Puerto Rico,Guayama Municipio
Puerto Rico,Jayuya Municipio
Puerto Rico,Yauco Municipio
Missouri,Ray County
Missouri,Washington County
Montana,Carbon County
Montana,Hill County
Montana,Teton County
Montana,Wheatland County
Nebraska,Scotts Bluff County
New Jersey,Gloucester County
New Jersey,Ocean County
New Mexico,Cibola County
New Mexico,McKinley County
New Mexico,Quay County
New York,Allegany County
New York,Franklin County
New York,Greene County
New York,Montgomery County
New York,Sullivan County
North Carolina,Alexander County
North Carolina,Avery County
North Carolina,Burke County
North Dakota,Sargent County
Ohio,Butler County
Ohio,Highland County
Ohio,Mahoning County
Oklahoma,Cleveland County
Oregon,Klamath County
Oregon,Wheeler County
Pennsylvania,Allegheny County
South Dakota,Spink County
Tennessee,Cannon County
Tennessee,Monroe County
Tennessee,Roane County
Tennessee,Sequatchie County
Tennessee,Sullivan County
Tennessee,Weakley County
Texas,Bowie County
Texas,Crane County
Texas,Edwards County
Texas,Grayson County
Texas,Motley County
Texas,Wood County
Virginia,Gloucester County
Virginia,Lancaster County
Virginia,Loudoun County
Virginia,Louisa County
Virginia,Patrick County
Virginia,Smyth County
Virginia,Chesapeake city
Washington,Lewis County
West Virginia,Hancock County
West Virginia,Tucker County
Wisconsin,Buffalo County
Wisconsin,Jackson County
Wisconsin,Taylor County
Wyoming,Hot Springs County
Wyoming,Washakie County
Wyoming,Weston County
Puerto Rico,Camuy Municipio
Puerto Rico,Ciales Municipio
Puerto Rico,Naranjito Municipio
Puerto Rico,Río Grande Municipio
Puerto Rico,Vega Baja Municipio
Montana,Daniels County
Nebraska,Greeley County
New Jersey,Bergen County
New Mexico,Luna County
New York,Bronx County
New York,Chautauqua County
North Carolina,Greene County
North Carolina,Scotland County
North Carolina,Tyrrell County
North Dakota,Adams County
Missouri,Gasconade County
Missouri,Moniteau County
Missouri,Phelps County
Missouri,Wright County
Alabama,Monroe County
Alaska,Fairbanks North Star Borough
Alaska,Southeast Fairbanks Census Area
California,Alameda County
California,Nevada County
California,San Mateo County
Colorado,Boulder County
Florida,Columbia County
Florida,DeSoto County
Florida,Dixie County
Florida,Manatee County
Florida,St. Johns County
Georgia,Bryan County
Georgia,Evans County
Georgia,Floyd County
Georgia,Hall County
Georgia,Heard County
Georgia,Irwin County
Georgia,Stewart County
Georgia,Towns County
Idaho,Adams County
Illinois,Crawford County
Illinois,Massac County
Illinois,Pulaski County
Illinois,Richland County
Illinois,Schuyler County
Indiana,Gibson County
Indiana,Randolph County
Indiana,Warren County
Iowa,Clinton County
Iowa,Howard County
Iowa,Monroe County
Iowa,Plymouth County
Iowa,Tama County
Kansas,Anderson County
Kansas,Reno County
Kansas,Sedgwick County
Kansas,Wallace County
Kansas,Washington County
Kentucky,Clay County
Kentucky,Elliott County
Kentucky,Green County
Kentucky,Magoffin County
Kentucky,Marshall County
Kentucky,Metcalfe County
Louisiana,Caldwell Parish
Louisiana,East Baton Rouge Parish
Louisiana,Iberville Parish
Louisiana,Jefferson Parish
Maine,Somerset County
Maryland,Washington County
Maryland,Wicomico County
Michigan,Alger County
Michigan,Antrim County
Michigan,Ionia County
Minnesota,Houston County
Minnesota,Kittson County
Mississippi,Bolivar County
Missouri,Audrain County
Missouri,Caldwell County
Alabama,Bullock County
Alabama,Dale County
Alabama,Morgan County
Alabama,Tuscaloosa County
Alaska,Kenai Peninsula Borough
Arkansas,Boone County
Arkansas,Grant County
Arkansas,Jefferson County
California,Napa County
Colorado,Archuleta County
Colorado,Custer County
Colorado,Park County
Connecticut,Northwest Hills Planning Region
Florida,Clay County
Florida,Highlands County
Florida,Miami-Dade County
Georgia,Charlton County
Georgia,Grady County
Georgia,Long County
Georgia,McDuffie County
Georgia,Muscogee County
Georgia,Polk County
Georgia,Warren County
Georgia,Wayne County
Hawaii,Honolulu County
Idaho,Idaho County
Idaho,Nez Perce County
Illinois,Marion County
Indiana,Brown County
Indiana,Cass County
Iowa,Delaware County
Iowa,Henry County
Iowa,Webster County
Iowa,Worth County
Iowa,Wright County
Kansas,Hamilton County
Kansas,Kingman County
Kansas,Nemaha County
Kansas,Osage County
Kansas,Osborne County
Kentucky,Bell County
Kentucky,Crittenden County
Kentucky,Johnson County
Kentucky,Pulaski County
Louisiana,West Baton Rouge Parish
Louisiana,West Carroll Parish
Maryland,Allegany County
Michigan,Mackinac County
Michigan,Macomb County
Minnesota,Stevens County
Mississippi,Alcorn County
Mississippi,Covington County
Mississippi,Holmes County
Mississippi,Lamar County
Mississippi,Lee County
Missouri,Christian County
Missouri,Lincoln County
Missouri,Mississippi County
Missouri,New Madrid County
Missouri,Osage County
Montana,Blaine County
Nebraska,Cheyenne County
Nebraska,Holt County
Nebraska,Red Willow County
Nevada,Humboldt County
New York,Cayuga County
New York,Wyoming County
North Carolina,Clay County
North Carolina,Madison County
North Carolina,Pasquotank County
North Carolina,Pender County
North Dakota,Divide County
North Dakota,Morton County
North Dakota,Steele County
Ohio,Huron County
Ohio,Jefferson County
Oklahoma,Coal County
Oregon,Yamhill County
Pennsylvania,Huntingdon County
Pennsylvania,Snyder County
Pennsylvania,Susquehanna County
Pennsylvania,Union County
Pennsylvania,Wyoming County
Tennessee,Cumberland County
Tennessee,Dickson County
Texas,Hartley County
Texas,Kinney County
Texas,San Augustine County
Texas,Sherman County
Texas,Travis County
Utah,Davis County
Virginia,Charlotte County
Washington,Kitsap County
West Virginia,Roane County
Wisconsin,Marinette County
Wyoming,Crook County
Wyoming,Johnson County
American Samoa,Eastern District
Commonwealth of the Northern Mariana Islands,Tinian Municipality
Alabama,Blount County
Alabama,Calhoun County
Arizona,Yuma County
Arkansas,Calhoun County
Arkansas,Madison County
California,Mariposa County
California,Shasta County
California,Sonoma County
Colorado,Hinsdale County
Colorado,Las Animas County
Florida,Osceola County
Georgia,Banks County
Georgia,Burke County
Georgia,Catoosa County
Georgia,Dade County
Georgia,Lowndes County
Illinois,Clinton County
Illinois,Monroe County
Indiana,Clay County
Indiana,Clinton County
Indiana,Johnson County
Indiana,Wabash County
Kansas,Russell County
Kansas,Wabaunsee County
Kentucky,Breathitt County
Kentucky,Estill County
Kentucky,Owen County
Kentucky,Wolfe County
Louisiana,Avoyelles Parish
Louisiana,East Feliciana Parish
Massachusetts,Bristol County
Massachusetts,Hampshire County
Michigan,Benzie County
Michigan,Marquette County
Michigan,Menominee County
Mississippi,Attala County
North Dakota,Foster County
North Dakota,Logan County
Ohio,Auglaize County
Ohio,Coshocton County
Ohio,Miami County
Oklahoma,Garvin County
Oklahoma,Jackson County
Oklahoma,Oklahoma County
Pennsylvania,Indiana County
Pennsylvania,Lawrence County
Pennsylvania,Lebanon County
Pennsylvania,Mercer County
South Carolina,Aiken County
South Dakota,Clay County
Tennessee,Bledsoe County
Tennessee,Franklin County
Tennessee,Haywood County
Tennessee,Henry County
Tennessee,Moore County
Tennessee,Union County
Texas,Angelina County
Texas,Bexar County
Texas,Donley County
Texas,Galveston County
Texas,Hamilton County
Texas,Lee County
Texas,McMullen County
Texas,Marion County
Texas,Milam County
Texas,Navarro County
Texas,Parker County
Texas,Val Verde County
Texas,Wichita County
Texas,Williamson County
Utah,Wasatch County
Vermont,Caledonia County
Virginia,Alleghany County
Virginia,Arlington County
Virginia,Lexington city
Virginia,Waynesboro city
Washington,Okanogan County
West Virginia,Jackson County
West Virginia,Marshall County
Wisconsin,Door County
Wisconsin,Monroe County
Wyoming,Carbon County
Wyoming,Fremont County
Wyoming,Sweetwater County
Puerto Rico,Aibonito Municipio
Puerto Rico,Ceiba Municipio
Puerto Rico,Loíza Municipio
Puerto Rico,Orocovis Municipio
Missouri,Howard County
Missouri,Ripley County
Montana,Deer Lodge County
Montana,Gallatin County
Montana,Meagher County
Montana,Phillips County
Nebraska,Burt County
Nebraska,Cherry County
Nebraska,Howard County
Nebraska,Jefferson County
Nebraska,McPherson County
Nebraska,York County
New Mexico,Grant County
New Mexico,Los Alamos County
New Mexico,San Miguel County
New York,Ontario County
New York,Rensselaer County
North Carolina,Ashe County
North Carolina,Haywood County
North Carolina,Hertford County
Missouri,St. Charles County
Montana,Flathead County
Montana,Judith Basin County
Montana,Musselshell County
Nebraska,Garden County
Nebraska,Hitchcock County
Nebraska,Logan County
Nebraska,Pawnee County
Nebraska,Saunders County
New Hampshire,Hillsborough County
New Jersey,Sussex County
New Mexico,Roosevelt County
New York,Broome County
New York,Clinton County
New York,Cortland County
New York,Saratoga County
New York,Schuyler County
North Carolina,Catawba County
North Carolina,Cleveland County
North Carolina,Rutherford County
North Dakota,Barnes County
North Dakota,Oliver County
North Dakota,Slope County
Oregon,Malheur County
Pennsylvania,Adams County
Pennsylvania,Fayette County
Pennsylvania,Montour County
Rhode Island,Kent County
South Carolina,Richland County
South Dakota,Campbell County
South Dakota,Hughes County
South Dakota,Stanley County
South Dakota,Union County
Tennessee,Bedford County
Tennessee,Cheatham County
Tennessee,Stewart County
Tennessee,Warren County
Tennessee,Williamson County
Texas,Atascosa County
Texas,Bastrop County
Texas,Bell County
Texas,Caldwell County
Texas,Coryell County
Texas,Fisher County
Texas,Grimes County
Texas,Hood County
Texas,Jim Wells County
Texas,Kendall County
Texas,Liberty County
Texas,Martin County
Texas,Potter County
Texas,San Jacinto County
Texas,Tom Green County
Texas,Van Zandt County
Virginia,Clarke County
Virginia,Nelson County
Virginia,Prince Edward County
Virginia,Wise County
Washington,Kittitas County
West Virginia,Harrison County
West Virginia,Lincoln County
West Virginia,Putnam County
West Virginia,Wetzel County
Wisconsin,Fond du Lac County
Wisconsin,Wood County
Puerto Rico,Cabo Rojo Municipio
Puerto Rico,Culebra Municipio
Alabama,St. Clair County
Alaska,Denali Borough
Arkansas,Cleburne County
Arkansas,Mississippi County
California,Calaveras County
California,Glenn County
California,Madera County
California,Merced County
California,Plumas County
Colorado,Dolores County
Colorado,Garfield County
Colorado,Montezuma County
Florida,Wakulla County
Georgia,Bleckley County
Georgia,Chattahoochee County
Georgia,Elbert County
Georgia,Habersham County
Georgia,Jasper County
Georgia,Jones County
Georgia,Lee County
Idaho,Cassia County
Idaho,Elmore County
Illinois,Adams County
Illinois,Boone County
Illinois,Edwards County
Illinois,Knox County
Indiana,Bartholomew County
Indiana,Putnam County
Iowa,Audubon County
Iowa,Dubuque County
Iowa,Humboldt County
Kansas,Dickinson County
Kansas,Jefferson County
Kansas,Morris County
Kansas,Saline County
Kentucky,Ballard County
Louisiana,Ascension Parish
Louisiana,Livingston Parish
Louisiana,Vermilion Parish
Maryland,Calvert County
Maryland,Cecil County
Massachusetts,Essex County
Michigan,Presque Isle County
Minnesota,Beltrami County
Minnesota,Chippewa County
Minnesota,Dodge County
Minnesota,Faribault County
Minnesota,Freeborn County
Minnesota,Hennepin County
Minnesota,Lake County
Minnesota,Lyon County
Minnesota,Nobles County
Minnesota,Wabasha County
Mississippi,Madison County
Mississippi,Montgomery County
Mississippi,Pontotoc County
Missouri,Barton County
Alabama,Jefferson County
Alabama,Marshall County
Alabama,Pickens County
Alaska,Aleutians East Borough
Alaska,Anchorage Municipality
Alaska,Nome Census Area
Arizona,La Paz County
Arizona,Pinal County
Arkansas,Lee County
California,Siskiyou County
Colorado,Douglas County
Colorado,Elbert County
Connecticut,Naugatuck Valley Planning Region
Connecticut,South Central Connecticut Planning Region
Florida,Duval County
Florida,Okeechobee County
Florida,Volusia County
Georgia,Ben Hill County
Georgia,Fayette County
Georgia,Terrell County
Georgia,Toombs County
Idaho,Gooding County
Illinois,Mercer County
Illinois,Montgomery County
Illinois,Rock Island County
Indiana,Grant County
Indiana,Jackson County
Indiana,Steuben County
Iowa,Boone County
Iowa,Calhoun County
Iowa,Cass County
Iowa,Lyon County
Iowa,Marion County
Iowa,Marshall County
Iowa,Story County
Kansas,Franklin County
Kansas,Graham County
Kansas,Harvey County
Kansas,Johnson County
Kentucky,Allen County
Kentucky,Bracken County
Kentucky,Madison County
Kentucky,Menifee County
Kentucky,Nicholas County
Kentucky,Perry County
Kentucky,Todd County
Kentucky,Warren County
Kentucky,Washington County
Maryland,Baltimore city
Massachusetts,Worcester County
Michigan,Crawford County
Michigan,Otsego County
Michigan,Roscommon County
Michigan,Saginaw County
Michigan,Wayne County
Minnesota,Carver County
Minnesota,Itasca County
Mississippi,Calhoun County
Mississippi,Choctaw County
Mississippi,Grenada County
Mississippi,Jefferson County
Mississippi,Wilkinson County
North Dakota,Mountrail County
Ohio,Licking County
Ohio,Marion County
Ohio,Muskingum County
Ohio,Portage County
Oklahoma,Alfalfa County
Oklahoma,Grant County
Oklahoma,Osage County
Pennsylvania,Jefferson County
Rhode Island,Providence County
South Carolina,Abbeville County
South Dakota,Miner County
Tennessee,Henderson County
Tennessee,Perry County
Tennessee,White County
Texas,Archer County
Texas,Baylor County
Texas,Franklin County
Texas,Gillespie County
Texas,Hopkins County
Texas,Hutchinson County
Texas,Jack County
Texas,Matagorda County
Texas,Oldham County
Virginia,Hanover County
Virginia,Middlesex County
Virginia,Rappahannock County
Virginia,Falls Church city
Virginia,Harrisonburg city
Washington,Columbia County
Washington,Franklin County
Washington,Walla Walla County
West Virginia,Berkeley County
West Virginia,Braxton County
West Virginia,Grant County
West Virginia,Monroe County
West Virginia,Wyoming County
Wyoming,Campbell County
Guam,Guam
Puerto Rico,Aguada Municipio
Puerto Rico,Arecibo Municipio
Puerto Rico,Quebradillas Municipio
United States Virgin Islands,St. Croix Island
North Carolina,Carteret County
North Carolina,Guilford County
North Carolina,New Hanover County
North Carolina,Swain County
North Carolina,Washington County
Missouri,Franklin County
Missouri,St. Francois County
Missouri,St. Louis County
Montana,Fallon County
Montana,Pondera County
Nebraska,Morrill County
New Jersey,Hudson County
New Mexico,Hidalgo County
New York,Delaware County
New York,Onondaga County
North Carolina,Henderson County
Missouri,Cass County
Missouri,Jackson County
Missouri,Stone County
Montana,Beaverhead County
Montana,Carter County
Montana,Richland County
Montana,Valley County
Montana,Yellowstone County
Nebraska,Antelope County
Nebraska,Dawson County
Nebraska,Grant County
Nebraska,Madison County
Nebraska,Nance County
Nebraska,Nuckolls County
Nevada,Lincoln County
Nevada,Storey County
New Mexico,Otero County
New York,Madison County
New York,Warren County
North Carolina,Chatham County
North Carolina,Iredell County
North Carolina,Johnston County
North Carolina,Moore County
North Carolina,Yadkin County
North Dakota,Emmons County
Ohio,Hancock County
Ohio,Hardin County
Ohio,Pickaway County
Oklahoma,Jefferson County
Oklahoma,Le Flore County
Oregon,Jefferson County
Oregon,Polk County
Oregon,Umatilla County
Pennsylvania,Potter County
South Carolina,Saluda County
South Dakota,Custer County
Texas,Brazos County
Texas,Burleson County
Texas,Hill County
Texas,Kent County
Texas,Lubbock County
Texas,Morris County
Texas,Parmer County
Texas,Wilson County
Texas,Zapata County
Utah,Piute County
Vermont,Grand Isle County
Vermont,Orange County
Virginia,Cumberland County
Virginia,Fauquier County
Virginia,Frederick County
Virginia,Halifax County
Virginia,Highland County
Virginia,New Kent County
Virginia,Shenandoah County
Virginia,Sussex County
Virginia,Portsmouth city
Washington,Klickitat County
Washington,Skamania County
Washington,Yakima County
Wisconsin,Burnett County
Wisconsin,Forest County
Wisconsin,Kewaunee County
Wisconsin,Menominee County
Wisconsin,Sauk County
Commonwealth of the Northern Mariana Islands,Rota Municipality
Puerto Rico,Barceloneta Municipio
Puerto Rico,Juncos Municipio
Alabama,Crenshaw County
Alabama,Sumter County
Alaska,Bristol Bay Borough
Arkansas,Pulaski County
Arkansas,Randolph County
Arkansas,Yell County
California,Contra Costa County
California,Modoc County
California,Riverside County
Colorado,Bent County
Colorado,Fremont County
Florida,Jackson County
Florida,Santa Rosa County
Florida,Walton County
Georgia,Baldwin County
Georgia,Cobb County
Georgia,DeKalb County
Georgia,Dougherty County
Georgia,Douglas County
Georgia,Hart County
Georgia,Monroe County
Georgia,Murray County
Georgia,Tift County
Illinois,Clay County
Illinois,Effingham County
Illinois,Jo Daviess County
Illinois,Livingston County
Illinois,Morgan County
Indiana,Clark County
Indiana,Fayette County
Indiana,Knox County
Indiana,LaPorte County
Indiana,Ohio County
Indiana,Starke County
Iowa,Louisa County
Iowa,Madison County
Kentucky,Grant County
Kentucky,Lincoln County
Kentucky,Mason County
Louisiana,Jefferson Davis Parish
Michigan,Kalamazoo County
Michigan,Montcalm County
Michigan,Newaygo County
Michigan,Shiawassee County
Minnesota,Kandiyohi County
Mississippi,Lauderdale County
Mississippi,Panola County
Missouri,Andrew County
Missouri,Boone County
Alabama,Geneva County
Alabama,Marengo County
Alaska,Bethel Census Area
Arizona,Graham County
Arizona,Mohave County
Colorado,Phillips County
Delaware,Kent County
District of Columbia,District of Columbia
Florida,Monroe County
Florida,Palm Beach County
Georgia,Brooks County
Georgia,Cherokee County
Georgia,Fulton County
Georgia,Lamar County
Georgia,Quitman County
Georgia,Stephens County
Idaho,Butte County
Idaho,Valley County
Illinois,Menard County
Illinois,Ogle County
Illinois,Stark County
Illinois,White County
Indiana,Jay County
Indiana,Whitley County
Iowa,Carroll County
Iowa,Crawford County
Iowa,Des Moines County
Iowa,Pocahontas County
Iowa,Sioux County
Iowa,Van Buren County
Kansas,Doniphan County
Kansas,Geary County
Kansas,Gray County
Kansas,Marion County
Kansas,Ottawa County
Kansas,Rooks County
Kansas,Wilson County
Kentucky,Adair County
Kentucky,Bullitt County
Kentucky,Hickman County
Kentucky,Leslie County
Louisiana,Acadia Parish
Louisiana,Beauregard Parish
Louisiana,Lafourche Parish
Louisiana,Morehouse Parish
Maine,Oxford County
Maryland,Baltimore County
Michigan,Hillsdale County
Michigan,Kalkaska County
Michigan,Mason County
Minnesota,Swift County
Mississippi,Lawrence County
Mississippi,Leake County
Mississippi,Noxubee County
Mississippi,Sunflower County
Missouri,Callaway County
Missouri,DeKalb County
Missouri,Polk County
North Carolina,Alleghany County
North Carolina,Cumberland County
North Carolina,Jones County
North Dakota,Mercer County
Ohio,Champaign County
Ohio,Fairfield County
Ohio,Fayette County
Ohio,Meigs County
Ohio,Monroe County
Oklahoma,Bryan County
Oklahoma,Roger Mills County
Oklahoma,Sequoyah County
Pennsylvania,Lackawanna County
Pennsylvania,Montgomery County
Pennsylvania,Northampton County
Pennsylvania,Wayne County
South Carolina,Orangeburg County
South Dakota,Buffalo County
Tennessee,Lewis County
Tennessee,McNairy County
Tennessee,Sevier County
Texas,Cherokee County
Texas,Coke County
Texas,Dallas County
Texas,Erath County
Texas,Hardin County
Texas,Lynn County
Texas,San Saba County
Utah,Kane County
Vermont,Chittenden County
Virginia,Madison County
Virginia,Northampton County
Virginia,Powhatan County
Virginia,Pulaski County
Virginia,Norton city
Washington,Pierce County
West Virginia,Calhoun County
West Virginia,Greenbrier County
West Virginia,Hampshire County
West Virginia,Preston County
West Virginia,Wayne County
Wisconsin,Bayfield County
Wisconsin,Dunn County
Wisconsin,Marquette County
Wisconsin,Vernon County
Puerto Rico,Aguas Buenas Municipio
Puerto Rico,Salinas Municipio
Montana,Missoula County
New Hampshire,Cheshire County
New Mexico,Lea County
New Mexico,Santa Fe County
New York,Niagara County
New York,Suffolk County
Alabama,Cherokee County
Alabama,Colbert County
Alaska,Yukon-Koyukuk Census Area
Arizona,Yavapai County
Arkansas,Clay County
Arkansas,Fulton County
Arkansas,Woodruff County
California,El Dorado County
California,Humboldt County
California,Tehama County
Colorado,Larimer County
Colorado,Mineral County
Colorado,Sedgwick County
Colorado,Yuma County
Florida,Franklin County
Florida,Hamilton County
Georgia,Colquitt County
Georgia,Cook County
Georgia,Mitchell County
Georgia,Taliaferro County
Georgia,Wheeler County
Idaho,Ada County
Idaho,Camas County
Idaho,Teton County
Illinois,Bureau County
Illinois,Henderson County
Illinois,Jefferson County
Indiana,Adams County
Indiana,Dearborn County
Indiana,Huntington County
Indiana,Jefferson County
Indiana,Lake County
Indiana,Martin County
Indiana,Wayne County
Indiana,White County
Iowa,Grundy County
Iowa,Guthrie County
Iowa,Jasper County
Iowa,Jefferson County
Iowa,Lee County
Iowa,Lucas County
Iowa,Winneshiek County
Kansas,Barton County
Kansas,Hodgeman County
Kansas,Jewell County
Kansas,Rice County
Kansas,Scott County
Kentucky,Graves County
Kentucky,Harlan County
Kentucky,Montgomery County
Louisiana,Evangeline Parish
Maryland,Garrett County
Michigan,Alcona County
Michigan,Baraga County
Michigan,Cass County
Michigan,Isabella County
Minnesota,Murray County
Minnesota,Norman County
Minnesota,Olmsted County
Minnesota,Rice County
Minnesota,Wright County
Mississippi,Newton County
Mississippi,Tishomingo County
North Dakota,McLean County
Ohio,Defiance County
Ohio,Guernsey County
Ohio,Hocking County
Ohio,Medina County
Ohio,Wayne County
Oklahoma,Craig County
Oklahoma,Grady County
Oklahoma,Pushmataha County
Oklahoma,Wagoner County
Oregon,Benton County
Oregon,Columbia County
Oregon,Curry County
Pennsylvania,Butler County
Pennsylvania,Fulton County
Pennsylvania,Lehigh County
Pennsylvania,Monroe County
Pennsylvania,Westmoreland County
South Dakota,Oglala Lakota County
Tennessee,Hickman County
Tennessee,Lauderdale County
Tennessee,Marion County
Tennessee,Putnam County
Texas,Bailey County
Texas,Briscoe County
Texas,Carson County
Texas,Crosby County
Texas,Glasscock County
Texas,Houston County
Texas,Karnes County
Texas,Loving County
Texas,Palo Pinto County
Texas,Robertson County
Texas,Schleicher County
Texas,Somervell County
Texas,Upton County
Texas,Waller County
Texas,Wheeler County
Utah,Tooele County
Virginia,Amherst County
Virginia,Campbell County
Virginia,Giles County
Virginia,Williamsburg city
Washington,Cowlitz County
West Virginia,Barbour County
West Virginia,Randolph County
Wisconsin,Marathon County
Wisconsin,Outagamie County
Wisconsin,Waushara County
Puerto Rico,Humacao Municipio
Puerto Rico,Isabela Municipio
Missouri,Cooper County
Missouri,Grundy County
Missouri,Livingston County
Montana,Petroleum County
Nebraska,Saline County
Nevada,Pershing County
New Jersey,Morris County
New Mexico,Sandoval County
New Mexico,Valencia County
New York,Chemung County
New York,Columbia County
New York,Hamilton County
New York,Lewis County
North Carolina,Columbus County
North Carolina,Jackson County
Missouri,Johnson County
Missouri,Warren County
Montana,Sweet Grass County
Nebraska,Butler County
Nebraska,Hamilton County
New Hampshire,Coos County
New Hampshire,Rockingham County
North Carolina,Duplin County
North Carolina,Forsyth County
North Carolina,Perquimans County
North Carolina,Person County
North Carolina,Vance County
North Dakota,Bottineau County
Alabama,Madison County
Alabama,Marion County
Alabama,Wilcox County
Alaska,Dillingham Census Area
Arizona,Pima County
Arizona,Santa Cruz County
Arkansas,Howard County
Arkansas,Perry County
California,Los Angeles County
California,San Joaquin County
California,Ventura County
Colorado,Gilpin County
Colorado,Summit County
Florida,Marion County
Florida,Martin County
Georgia,Bulloch County
Georgia,Clayton County
Georgia,Dawson County
Georgia,Early County
Georgia,Liberty County
Hawaii,Maui County
Idaho,Bear Lake County
Idaho,Oneida County
Illinois,Johnson County
Illinois,Lawrence County
Illinois,Warren County
Illinois,Whiteside County
Illinois,Woodford County
Indiana,Hendricks County
Indiana,Henry County
Indiana,Marion County
Iowa,Dallas County
Iowa,Johnson County
Iowa,Linn County
Iowa,Montgomery County
Iowa,Page County
Iowa,Washington County
Kansas,Comanche County
Kansas,Logan County
Kansas,Smith County
Kansas,Sumner County
Kentucky,Breckinridge County
Kentucky,Knott County
Kentucky,Meade County
Louisiana,St. Charles Parish
Louisiana,St. Martin Parish
Louisiana,West Feliciana Parish
Maryland,Prince George's County
Massachusetts,Norfolk County
Michigan,Clare County
Michigan,Eaton County
Michigan,Muskegon County
Minnesota,Lincoln County
Minnesota,Traverse County
Mississippi,Clarke County
Mississippi,Jasper County
Mississippi,Jefferson Davis County
North Dakota,Renville County
Ohio,Ashland County
Ohio,Henry County
Ohio,Seneca County
Ohio,Van Wert County
Oklahoma,Delaware County
Oklahoma,Ottawa County
Oklahoma,Seminole County
Oklahoma,Tulsa County
Oregon,Baker County
Oregon,Sherman County
Pennsylvania,Warren County
South Carolina,Barnwell County
South Carolina,Berkeley County
South Carolina,Colleton County
South Dakota,Day County
South Dakota,Lincoln County
Tennessee,Jackson County
Texas,Brewster County
Texas,Dallam County
Texas,Hansford County
Texas,Haskell County
Texas,Kleberg County
Texas,Llano County
Texas,Midland County
Texas,Walker County
Utah,Iron County
Utah,Washington County
Virginia,Fairfax County
Virginia,King George County
Virginia,Bristol city
Virginia,Fredericksburg city
Washington,Thurston County
West Virginia,Doddridge County
West Virginia,Summers County
Wisconsin,Adams County
Wisconsin,Eau Claire County
Wisconsin,Milwaukee County
Wisconsin,Sheboygan County
Wisconsin,Vilas County
Puerto Rico,Maunabo Municipio
Puerto Rico,Toa Alta Municipio
Alaska,Copper River Census Area
Arkansas,Lawrence County
Arkansas,Poinsett County
Arkansas,St. Francis County
Arkansas,Saline County
Colorado,Morgan County
Florida,Alachua County
Florida,Broward County
Florida,Escambia County
Georgia,Coweta County
Georgia,Gordon County
Georgia,Lincoln County
Idaho,Custer County
Illinois,Edgar County
Illinois,Greene County
Illinois,Lake County
Illinois,Marshall County
Illinois,Perry County
Illinois,Tazewell County
Indiana,Morgan County
Indiana,Newton County
Indiana,Parke County
Indiana,Rush County
Indiana,Vigo County
Iowa,Jackson County
Iowa,Poweshiek County
Kentucky,Campbell County
Kentucky,Edmonson County
Kentucky,Lee County
Kentucky,Owsley County
Kentucky,Pike County
Kentucky,Shelby County
Louisiana,Allen Parish
Louisiana,East Carroll Parish
Louisiana,St. Tammany Parish
Maine,York County
Maryland,Worcester County
Michigan,Oceana County
Minnesota,Benton County
Mississippi,DeSoto County
Mississippi,Forrest County
Mississippi,Oktibbeha County
Mississippi,Tate County
Mississippi,Tunica County
Mississippi,Warren County
North Dakota,Cavalier County
North Dakota,Grand Forks County
Ohio,Stark County
Oklahoma,Beckham County
Oklahoma,Carter County
Oklahoma,Kay County
Oklahoma,Kingfisher County
Oklahoma,McCurtain County
Oregon,Lincoln County
Oregon,Marion County
Pennsylvania,Columbia County
Pennsylvania,Delaware County
Pennsylvania,McKean County
Pennsylvania,Venango County
Pennsylvania,York County
South Carolina,Allendale County
South Carolina,Calhoun County
South Carolina,Marlboro County
South Dakota,Butte County
South Dakota,Clark County
South Dakota,Kingsbury County
South Dakota,Walworth County
South Dakota,Yankton County
Tennessee,Greene County
Missouri,Cole County
Missouri,Iron County
Missouri,Jasper County
Missouri,Macon County
Missouri,Worth County
Montana,Big Horn County
Nebraska,Dodge County
Nebraska,Fillmore County
New Mexico,Rio Arriba County
New York,Erie County
New York,St. Lawrence County
North Carolina,Bertie County
North Carolina,Buncombe County
North Carolina,Mecklenburg County
North Carolina,Pamlico County
North Carolina,Robeson County
North Dakota,Burleigh County
Tennessee,Scott County
Texas,Deaf Smith County
Texas,Medina County
Texas,Real County
Texas,Sterling County
Texas,Yoakum County
Utah,Box Elder County
Utah,Morgan County
Virginia,Buckingham County
Washington,Mason County
Washington,Pacific County
West Virginia,Monongalia County
West Virginia,Raleigh County
Wisconsin,Iowa County
Wisconsin,Waupaca County
Puerto Rico,Caguas Municipio
Puerto Rico,Coamo Municipio
Puerto Rico,Manatí Municipio
Alabama,Chilton County
Alabama,Covington County
Alabama,Elmore County
Alabama,Greene County
Alabama,Henry County
Alabama,Lamar County
Alabama,Shelby County
Arkansas,Crittenden County
Arkansas,Franklin County
Arkansas,Lincoln County
Arkansas,Logan County
California,Santa Barbara County
Colorado,Costilla County
Colorado,Otero County
Florida,Gadsden County
Florida,Leon County
Florida,Taylor County
Florida,Union County
Georgia,Clay County
Georgia,Lanier County
Georgia,White County
Idaho,Boise County
Illinois,Fulton County
Illinois,McHenry County
Illinois,Moultrie County
Illinois,Winnebago County
Indiana,Hancock County
Indiana,Madison County
Iowa,Adair County
Iowa,Decatur County
Iowa,Fremont County
Iowa,Greene County
Iowa,Mills County
Kansas,Butler County
Kansas,Ford County
Kentucky,Caldwell County
Kentucky,Fayette County
Kentucky,Powell County
Kentucky,Wayne County
Louisiana,Caddo Parish
Louisiana,Washington Parish
Massachusetts,Middlesex County
Michigan,Barry County
Michigan,Jackson County
Michigan,Ontonagon County
Michigan,Ottawa County
Michigan,Sanilac County
Michigan,Washtenaw County
Minnesota,Aitkin County
Minnesota,Brown County
Minnesota,Jackson County
Minnesota,Le Sueur County
Minnesota,Washington County
Mississippi,Clay County
Mississippi,Simpson County
Missouri,Monroe County
Missouri,Nodaway County
Missouri,Platte County
Missouri,Sullivan County
Montana,Custer County
Montana,Ravalli County
Nebraska,Cuming County
Nebraska,Harlan County
Nebraska,Platte County
New Hampshire,Grafton County
New Jersey,Camden County
New Jersey,Monmouth County
New Mexico,Guadalupe County
New Mexico,Lincoln County
New York,Essex County
North Carolina,Cherokee County
North Carolina,Durham County
North Carolina,McDowell County
North Carolina,Wake County
North Dakota,Sheridan County
North Dakota,Williams County
Ohio,Columbiana County
Ohio,Madison County
Oklahoma,Tillman County
Oklahoma,Washington County
Oregon,Wasco County
Pennsylvania,Clearfield County
South Carolina,Greenwood County
South Dakota,Hanson County
South Dakota,McPherson County
Tennessee,Decatur County
Tennessee,Lawrence County
Texas,Bandera County
Texas,Dawson County
Texas,Freestone County
Texas,Hale County
Texas,Hall County
Texas,Kaufman County
Texas,Lampasas County
Utah,Summit County
Vermont,Addison County
Vermont,Orleans County
Virginia,Goochland County
Virginia,Northumberland County
Virginia,Page County
Virginia,Martinsville city
Virginia,Newport News city
Washington,Garfield County
Washington,Skagit County
West Virginia,Mercer County
West Virginia,Morgan County
Wisconsin,Calumet County
Wisconsin,Oneida County
Wisconsin,Ozaukee County
Wyoming,Natrona County
American Samoa,Rose Island
Puerto Rico,Morovis Municipio
Puerto Rico,San Germán Municipio
Alabama,DeKalb County
Alabama,Fayette County
Alabama,Lauderdale County
Alabama,Randolph County
Alaska,Lake and Peninsula Borough
Arizona,Gila County
Arkansas,Bradley County
Arkansas,Desha County
Arkansas,Jackson County
Arkansas,Little River County
California,Santa Clara County
Colorado,Kit Carson County
Colorado,Pitkin County
Connecticut,Southeastern Connecticut Planning Region
Florida,Gilchrist County
Florida,Nassau County
Florida,Okaloosa County
Georgia,Appling County
Georgia,Coffee County
Georgia,Henry County
Georgia,Rabun County
Georgia,Spalding County
Georgia,Twiggs County
Idaho,Clark County
Illinois,Logan County
Indiana,Delaware County
Indiana,Spencer County
Indiana,Warrick County
Iowa,Dickinson County
Iowa,Emmet County
Iowa,Franklin County
Iowa,Monona County
Iowa,Woodbury County
Kansas,Allen County
Kansas,Chase County
Kansas,Harper County
Kansas,Labette County
Kansas,Norton County
Kansas,Pottawatomie County
Kansas,Woodson County
Kentucky,Anderson County
Kentucky,Butler County
Kentucky,Jackson County
Louisiana,Claiborne Parish
Louisiana,Concordia Parish
Louisiana,Rapides Parish
Louisiana,Tangipahoa Parish
Louisiana,Webster Parish
Maine,Cumberland County
Massachusetts,Berkshire County
Massachusetts,Suffolk County
Michigan,Berrien County
Michigan,Branch County
Minnesota,Fillmore County
Minnesota,Pipestone County
Minnesota,Pope County
Minnesota,Ramsey County
Minnesota,Roseau County
Minnesota,Sherburne County
Minnesota,Todd County
Mississippi,Issaquena County
Mississippi,Tippah County
North Dakota,Golden Valley County
North Dakota,Traill County
Ohio,Franklin County
Ohio,Logan County
Ohio,Preble County
Ohio,Tuscarawas County
Ohio,Union County
Ohio,Washington County
Oklahoma,Adair County
Oklahoma,Choctaw County
Oklahoma,Greer County
Oklahoma,Harper County
Oklahoma,Noble County
Oklahoma,Texas County
Pennsylvania,Beaver County
Pennsylvania,Erie County
Pennsylvania,Juniata County
South Carolina,Newberry County
South Carolina,Pickens County
South Dakota,Fall River County
South Dakota,Jackson County
South Dakota,Jerauld County
South Dakota,Meade County
South Dakota,Roberts County
Tennessee,Cocke County
Tennessee,Pickett County
Tennessee,Trousdale County
Tennessee,Van Buren County
Texas,Cass County
Texas,Fayette County
Texas,Foard County
Texas,Fort Bend County
Texas,Lamb County
Texas,Leon County
Texas,Newton County
Texas,Reeves County
Texas,Rusk County
Texas,Uvalde County
Utah,Cache County
Utah,Daggett County
Utah,Garfield County
Utah,Juab County
Utah,Sevier County
Virginia,Albemarle County
Virginia,Isle of Wight County
Virginia,Richmond County
Virginia,Scott County
Virginia,Galax city
Virginia,Norfolk city
Washington,Grays Harbor County
West Virginia,Mineral County
Wyoming,Sublette County
Puerto Rico,Fajardo Municipio
Puerto Rico,Hatillo Municipio
Puerto Rico,Lajas Municipio
Puerto Rico,Las Marías Municipio
Puerto Rico,Luquillo Municipio
Puerto Rico,Toa Baja Municipio
Missouri,Carter County
Missouri,Vernon County
Montana,Silver Bow County
Nebraska,Gage County
Nebraska,Lincoln County
New Hampshire,Merrimack County
New Mexico,Taos County
New Mexico,Union County
New York,Kings County
New York,Livingston County
New York,Oswego County
New York,Queens County
New York,Tompkins County
North Carolina,Cabarrus County
North Carolina,Martin County
Alabama,Clarke County
Alabama,Tallapoosa County
Alaska,Matanuska-Susitna Borough
Alaska,North Slope Borough
Alaska,Northwest Arctic Borough
Alaska,Wrangell City and Borough
Arkansas,Carroll County
Arkansas,Hempstead County
Arkansas,Pope County
Arkansas,Washington County
California,Colusa County
California,Inyo County
California,Yuba County
Colorado,Clear Creek County
Colorado,Moffat County
Colorado,Saguache County
Delaware,Sussex County
Florida,Calhoun County
Florida,Suwannee County
Georgia,Dodge County
Georgia,Talbot County
Idaho,Blaine County
Idaho,Bonneville County
Idaho,Madison County
Illinois,Sangamon County
Indiana,Benton County
Indiana,DeKalb County
Indiana,Orange County
Indiana,Pike County
Iowa,Osceola County
Iowa,Palo Alto County
Iowa,Pottawattamie County
Kansas,Cloud County
Kansas,Coffey County
Kansas,Meade County
Kentucky,Hart County
Kentucky,Mercer County
Louisiana,Natchitoches Parish
Maryland,Charles County
Maryland,Frederick County
Massachusetts,Franklin County
Massachusetts,Nantucket County
Michigan,Bay County
Michigan,Delta County
Minnesota,Blue Earth County
Minnesota,Goodhue County
Mississippi,Amite County
Mississippi,Lafayette County
Mississippi,Leflore County
Mississippi,Marshall County
Mississippi,Quitman County
Montana,Toole County
Nebraska,Boone County
Nebraska,Custer County
Nevada,Elko County
Nevada,Esmeralda County
Nevada,Nye County
New Mexico,Catron County
New Mexico,San Juan County
New York,Richmond County
North Carolina,Franklin County
North Carolina,Gates County
North Carolina,Polk County
North Carolina,Randolph County
North Dakota,Nelson County
Ohio,Harrison County
Ohio,Putnam County
Oklahoma,Blaine County
Oklahoma,Latimer County
South Carolina,Chester County
South Carolina,Lancaster County
South Carolina,Union County
South Dakota,Edmunds County
South Dakota,Lawrence County
South Dakota,Moody County
Tennessee,DeKalb County
Tennessee,Marshall County
Tennessee,Rutherford County
Tennessee,Washington County
Texas,Falls County
Texas,Hockley County
Texas,Kenedy County
Texas,King County
Texas,Lamar County
Texas,Presidio County
Texas,Swisher County
Utah,Uintah County
Vermont,Windham County
Washington,Grant County
Washington,Snohomish County
West Virginia,Lewis County
Wisconsin,Ashland County
Wisconsin,Juneau County
Wisconsin,Manitowoc County
Wyoming,Teton County
American Samoa,Manu'a District
Puerto Rico,Hormigueros Municipio
Puerto Rico,Maricao Municipio
Puerto Rico,Peñuelas Municipio
Puerto Rico,Villalba Municipio
Missouri,Clay County
Missouri,Clinton County
Missouri,McDonald County
Montana,Broadwater County
North Carolina,Wayne County
North Carolina,Wilkes County
North Dakota,Burke County
North Dakota,McIntosh County
North Dakota,Ramsey County
Ohio,Geauga County
Oklahoma,Cimarron County
Oklahoma,Woods County
Pennsylvania,Bedford County
Pennsylvania,Northumberland County
Pennsylvania,Philadelphia County
Pennsylvania,Sullivan County
South Carolina,Lee County
South Carolina,Lexington County
South Carolina,Marion County
Tennessee,Clay County
Tennessee,Hardeman County
Tennessee,Hawkins County
Tennessee,Lake County
Tennessee,Shelby County
Tennessee,Sumner County
Tennessee,Wilson County
Texas,Bee County
Texas,Concho County
Texas,Delta County
Texas,Live Oak County
Texas,McLennan County
Texas,Pecos County
Texas,Polk County
Texas,Wilbarger County
Vermont,Essex County
Virginia,Accomack County
Virginia,Lunenburg County
Virginia,Russell County
Virginia,Southampton County
Virginia,Surry County
Virginia,Tazewell County
Virginia,Westmoreland County
Virginia,Covington city
Virginia,Hampton city
Virginia,Manassas city
Virginia,Winchester city
West Virginia,Mingo County
West Virginia,Pocahontas County
West Virginia,Ritchie County
Wisconsin,Kenosha County
Wisconsin,Polk County
Wisconsin,Washburn County
Wyoming,Niobrara County
Wyoming,Park County
Puerto Rico,Guaynabo Municipio
Missouri,Cedar County
Missouri,Chariton County
Missouri,Daviess County
Missouri,Dent County
Missouri,Greene County
Missouri,Hickory County
Missouri,Knox County
Missouri,Newton County
Missouri,Saline County
Montana,Dawson County
Montana,Wibaux County
Nebraska,Blaine County
Nebraska,Box Butte County
Nebraska,Frontier County
Nebraska,Hooker County
New Mexico,Harding County
New York,Orange County
New York,Otsego County
New York,Seneca County
North Carolina,Harnett County
North Carolina,Wilson County
Nebraska,Merrick County
Nebraska,Thayer County
Nevada,White Pine County
Alabama,Coffee County
Alabama,Etowah County
Alabama,Talladega County
Alaska,Skagway Municipality
Alaska,Yakutat City and Borough
Arkansas,Craighead County
Arkansas,Drew County
Arkansas,Faulkner County
Arkansas,Garland County
Arkansas,Monroe County
Arkansas,Searcy County
California,Sutter County
Colorado,Gunnison County
Colorado,Jackson County
Colorado,Logan County
Colorado,Montrose County
Colorado,Prowers County
Florida,Lake County
Georgia,Calhoun County
Georgia,Effingham County
Georgia,Fannin County
Georgia,Glynn County
Georgia,Taylor County
Idaho,Benewah County
Idaho,Latah County
Illinois,Calhoun County
Illinois,Cook County
Illinois,Grundy County
Illinois,Hardin County
Indiana,Fulton County
Iowa,Union County
Kansas,Shawnee County
Kentucky,Boone County
Kentucky,Kenton County
Kentucky,Morgan County
Louisiana,Red River Parish
Louisiana,Union Parish
Maryland,Carroll County
Maryland,St. Mary's County
Michigan,Alpena County
Michigan,Cheboygan County
Michigan,Chippewa County
Michigan,Houghton County
Michigan,Huron County
Michigan,Lake County
Michigan,Ogemaw County
Minnesota,Meeker County
Minnesota,Polk County
Mississippi,Chickasaw County
Mississippi,Lowndes County
Mississippi,Yalobusha County
Missouri,Bates County